#,Date,Product,Blog Category,Title,Description/Purpose,Target Keyword,Estimated Word Count,Priority,SEO Difficulty,Publishing Notes
1,2026-01-06,ACER,Test Overview,"Complete Guide to ACER Scholarship Test 2026","Comprehensive overview of the ACER test format, sections, timing, scoring, and what students can expect. Covers all 4 sections (Reading, Mathematics, Verbal Reasoning, Abstract Reasoning), test duration, question types, and how results are used by schools.",acer scholarship test 2026,2500,High,Medium,First ACER post - foundation content
2,2026-01-08,EduTest,Test Overview,"Complete Guide to EduTest 2026: Everything Parents Need to Know","Comprehensive overview of EduTest format, sections, timing, scoring, and percentile rankings. Covers Quantitative Reasoning, Verbal Reasoning, and Written Expression sections. Explains how schools use EduTest results.",edutest 2026,2400,High,Medium,First EduTest post - foundation content
3,2026-01-10,Year 5 NAPLAN,Test Overview,"Year 5 NAPLAN 2026: Complete Parent's Guide","Comprehensive overview of Year 5 NAPLAN including all 4 sections (Reading, Writing, Language Conventions, Numeracy), test format, timing, online testing platform, scoring bands, and how results are reported.",year 5 naplan 2026,2300,High,Low,NAPLAN happens in March - start early
4,2026-01-13,Year 7 NAPLAN,Test Overview,"Year 7 NAPLAN 2026: Complete Parent's Guide","Comprehensive overview of Year 7 NAPLAN including all 4 sections, test format, timing, online platform, scoring bands (higher than Year 5), and how results impact secondary school placement.",year 7 naplan 2026,2300,High,Low,NAPLAN happens in March - start early
5,2026-01-15,NSW Selective,Test Overview,"NSW Selective High Schools Test 2026: Complete Guide","Comprehensive overview of NSW Selective Entry test format, sections (Reading, Mathematical Reasoning, Thinking Skills), timing, scoring, how offers are made, and timeline. Explains placement score calculations.",nsw selective test 2026,2600,High,Medium,Selective test in May/June
6,2026-01-17,VIC Selective,Test Overview,"Victoria Selective Entry 2026: Complete Guide for Parents","Comprehensive overview of VIC Selective Entry test format, sections (Numerical Reasoning, Reading, Verbal Reasoning, Writing), timing, scoring, how offers are made, and key dates.",vic selective entry 2026,2600,High,Medium,VIC selective test in June
7,2026-01-20,ACER,Key Changes,"ACER Test 2026: What's New and Changed This Year","Detailed analysis of any format changes, timing adjustments, policy updates, or content modifications to the 2026 ACER test. Compares 2025 vs 2026 to help parents prepare appropriately.",acer test changes 2026,1800,High,Low,Important for parents who did 2025 research
8,2026-01-22,EduTest,Key Changes,"EduTest 2026 Updates: New Changes Parents Must Know","Analysis of any format changes, new question types, timing modifications, or scoring adjustments for 2026 EduTest. Includes updated percentile benchmarks if available.",edutest changes 2026,1700,Medium,Low,Important for returning students
9,2026-01-24,Year 5 NAPLAN,Key Changes,"Year 5 NAPLAN 2026: New Changes and What They Mean","Overview of any format changes, platform updates, new question types, or timing adjustments for 2026 Year 5 NAPLAN. Explains how changes impact preparation strategy.",year 5 naplan changes 2026,1600,Medium,Low,NAPLAN evolves yearly
10,2026-01-27,Year 7 NAPLAN,Key Changes,"Year 7 NAPLAN 2026: New Changes and What They Mean","Overview of any format changes, platform updates, new question types, or timing adjustments for 2026 Year 7 NAPLAN. Explains how changes impact preparation strategy.",year 7 naplan changes 2026,1600,Medium,Low,NAPLAN evolves yearly
11,2026-01-29,NSW Selective,Key Changes,"NSW Selective 2026: Key Changes to the Entry Test","Analysis of format changes, new schools, placement score adjustments, or policy changes for 2026 NSW Selective Entry. Includes any curriculum alignment updates.",nsw selective changes 2026,1800,High,Low,Department announces changes annually
12,2026-01-31,VIC Selective,Key Changes,"VIC Selective Entry 2026: What's Changed This Year","Analysis of format changes, new schools, scoring adjustments, or policy changes for 2026 VIC Selective Entry. Includes updated school profiles if applicable.",vic selective changes 2026,1800,High,Low,Important for VIC families
13,2026-02-03,ACER,Preparation Tips,"How to Prepare for ACER Test 2026: Expert 12-Week Plan","Comprehensive preparation strategy including timeline, study schedule, practice recommendations, skill-building approach, and resource allocation. Covers diagnostic → drill → practice methodology.",how to prepare acer test,2200,High,Medium,Core preparation guide
14,2026-02-05,EduTest,Preparation Tips,"EduTest Preparation 2026: Complete 10-Week Study Plan","Detailed preparation strategy including study schedule, section-by-section approach, practice test timing, and skill development. Explains how to balance all 3 sections effectively.",edutest preparation plan,2100,High,Medium,Core preparation guide
15,2026-02-07,Year 5 NAPLAN,Preparation Tips,"How to Prepare for Year 5 NAPLAN 2026: 8-Week Plan","Strategic preparation plan for Year 5 NAPLAN including daily practice schedule, section focus, skill-building activities, and confidence development. Parent-friendly approach.",year 5 naplan preparation,2000,High,Low,6 weeks before March test
16,2026-02-10,Year 7 NAPLAN,Preparation Tips,"How to Prepare for Year 7 NAPLAN 2026: 8-Week Plan","Strategic preparation plan for Year 7 NAPLAN including study schedule, section priorities, advanced skill development, and test readiness activities.",year 7 naplan preparation,2000,High,Low,6 weeks before March test
17,2026-02-12,NSW Selective,Preparation Tips,"NSW Selective Test Preparation 2026: Complete 16-Week Strategy","Comprehensive preparation strategy for NSW Selective including long-term study plan, skill progression, practice test schedule, and how to peak for test day.",nsw selective preparation,2400,High,Medium,3-4 months before test
18,2026-02-14,VIC Selective,Preparation Tips,"VIC Selective Entry Preparation 2026: 16-Week Study Plan","Detailed preparation strategy for VIC Selective including timeline, section-by-section approach, writing practice schedule, and skill mastery progression.",vic selective preparation,2400,High,Medium,4 months before June test
19,2026-02-17,ACER,Best Resources,"Best ACER Test Prep Resources 2026: Books, Apps & Platforms","Comprehensive review of ACER preparation resources including books (ACER official practice tests, Hendersons, etc.), online platforms, apps, tutoring services, and free resources. Honest assessments with pros/cons.",best acer test resources,2000,High,Medium,High commercial intent
20,2026-02-19,EduTest,Best Resources,"Best EduTest Prep Resources 2026: Complete Review","Review of top EduTest preparation resources including official practice tests, prep books, online platforms, and tutoring options. Compares features, pricing, and effectiveness.",best edutest resources,1900,High,Medium,High commercial intent
21,2026-02-21,Year 5 NAPLAN,Best Resources,"Best Year 5 NAPLAN Prep Resources 2026: Parent's Guide","Comprehensive review of Year 5 NAPLAN resources including books, online platforms, practice tests, and free resources. Budget-friendly and premium options.",year 5 naplan resources,1800,Medium,Low,Many free NAPLAN resources exist
22,2026-02-24,Year 7 NAPLAN,Best Resources,"Best Year 7 NAPLAN Prep Resources 2026: Complete Review","Review of top Year 7 NAPLAN preparation resources including books, online platforms, practice tests, and tutoring. Compares effectiveness and value.",year 7 naplan resources,1800,Medium,Low,Many free NAPLAN resources exist
23,2026-02-26,NSW Selective,Best Resources,"Best NSW Selective Test Prep Resources 2026: Expert Review","Comprehensive review of NSW Selective prep resources including popular books (Scootle, Hendersons, etc.), online platforms, tutoring services, and official practice tests.",nsw selective resources,2100,High,Medium,Very competitive market
24,2026-02-28,VIC Selective,Best Resources,"Best VIC Selective Entry Resources 2026: Complete Guide","Review of top VIC Selective preparation resources including official practice tests, prep books, online platforms, and coaching options. Honest comparisons.",vic selective resources,2100,High,Medium,Competitive VIC market
25,2026-03-03,ACER,Test-Day Strategy,"ACER Test Day Strategy 2026: What to Do (and Avoid)","Complete test-day guide including what to bring, timing strategy per section, how to approach difficult questions, time management, stress management, and post-test actions.",acer test day tips,1800,Medium,Low,Practical advice for parents
26,2026-03-05,EduTest,Test-Day Strategy,"EduTest Day Strategy 2026: Expert Tips for Success","Test-day strategy including materials to bring, section timing approach, how to handle written expression, managing test anxiety, and energy management.",edutest test day strategy,1700,Medium,Low,Practical test-day advice
27,2026-03-07,Year 5 NAPLAN,Test-Day Strategy,"Year 5 NAPLAN Test Day: Parent's Checklist and Tips","Parent-focused test-day guide including preparation the night before, what to bring, how to reduce child's anxiety, timing tips, and post-test support.",year 5 naplan test day,1600,Medium,Low,Publish week before NAPLAN
28,2026-03-10,Year 7 NAPLAN,Test-Day Strategy,"Year 7 NAPLAN Test Day: Complete Strategy Guide","Test-day strategy for Year 7 NAPLAN including preparation, materials, timing approach per section, managing stress, and how to approach difficult questions.",year 7 naplan test day,1600,Medium,Low,Publish week before NAPLAN
29,2026-03-12,NSW Selective,Test-Day Strategy,"NSW Selective Test Day 2026: Complete Strategy Guide","Comprehensive test-day strategy including what to bring, section timing tactics, question prioritization, stress management, and how to maximize your score.",nsw selective test day,1900,Medium,Low,Publish 2 weeks before test
30,2026-03-14,VIC Selective,Test-Day Strategy,"VIC Selective Entry Test Day 2026: Expert Strategy","Test-day strategy for VIC Selective including preparation checklist, section approach, time management, writing task strategy, and anxiety management.",vic selective test day,1900,Medium,Low,Publish 2-3 weeks before test
31,2026-03-17,ACER,Section-Specific,"ACER Reading Comprehension 2026: Complete Strategy Guide","Deep dive into ACER Reading section including question types, passage types, time management (30 mins for 30 questions), inference vs literal questions, and practice strategies.",acer reading comprehension,2200,High,Medium,Section 1 of 4
32,2026-03-19,ACER,Section-Specific,"ACER Mathematics 2026: Complete Strategy Guide","Comprehensive guide to ACER Mathematics section including topics covered, question formats, time management, calculator vs non-calculator questions, and common traps.",acer mathematics,2200,High,Medium,Section 2 of 4
33,2026-03-21,ACER,Section-Specific,"ACER Verbal Reasoning 2026: Complete Strategy Guide","Deep dive into ACER Verbal Reasoning including analogies, word relationships, vocabulary strategies, pattern recognition, and time management techniques.",acer verbal reasoning,2100,High,Medium,Section 3 of 4
34,2026-03-24,ACER,Section-Specific,"ACER Abstract Reasoning 2026: Complete Strategy Guide","Comprehensive guide to ACER Abstract Reasoning including pattern types, sequence questions, matrix problems, elimination strategies, and practice techniques.",acer abstract reasoning,2100,High,Medium,Section 4 of 4 - completes ACER
35,2026-03-26,EduTest,Section-Specific,"EduTest Quantitative Reasoning 2026: Complete Guide","Deep dive into EduTest Quantitative section including mathematics topics, word problems, data interpretation, time management, and scoring strategies.",edutest quantitative reasoning,2200,High,Medium,Section 1 of 3
36,2026-03-28,EduTest,Section-Specific,"EduTest Verbal Reasoning 2026: Complete Strategy Guide","Comprehensive guide to EduTest Verbal Reasoning including vocabulary, comprehension, critical reasoning, analogies, and effective practice methods.",edutest verbal reasoning,2100,High,Medium,Section 2 of 3
37,2026-03-31,EduTest,Section-Specific,"EduTest Written Expression 2026: How to Score in 90th Percentile","Deep dive into EduTest writing including prompt types, planning strategies, essay structure, persuasive vs creative writing, rubric breakdown, and sample essays.",edutest writing tips,2400,High,High,Section 3 of 3 - completes EduTest
38,2026-04-02,Year 5 NAPLAN,Section-Specific,"Year 5 NAPLAN Reading 2026: Complete Strategy Guide","Comprehensive guide to Year 5 NAPLAN Reading including text types, question formats, online platform navigation, time management, and how to improve comprehension.",year 5 naplan reading,2000,High,Low,Section 1 of 4
39,2026-04-04,Year 5 NAPLAN,Section-Specific,"Year 5 NAPLAN Writing 2026: How to Achieve Band 8","Deep dive into Year 5 NAPLAN writing including narrative vs persuasive prompts, planning techniques, structure, vocabulary, editing, and scoring rubric.",year 5 naplan writing,2200,High,Medium,Section 2 of 4
40,2026-04-07,Year 5 NAPLAN,Section-Specific,"Year 5 NAPLAN Language Conventions 2026: Complete Guide","Comprehensive guide to Language Conventions including spelling patterns, grammar rules, punctuation, sentence structure, and common mistakes to avoid.",year 5 naplan language conventions,1900,Medium,Low,Section 3 of 4
41,2026-04-09,Year 5 NAPLAN,Section-Specific,"Year 5 NAPLAN Numeracy 2026: Complete Strategy Guide","Deep dive into Year 5 NAPLAN Numeracy including topics covered, calculator vs non-calculator, online tools, time management, and common question types.",year 5 naplan numeracy,2000,High,Low,Section 4 of 4 - completes Y5 NAPLAN
42,2026-04-11,Year 7 NAPLAN,Section-Specific,"Year 7 NAPLAN Reading 2026: Complete Strategy Guide","Comprehensive guide to Year 7 NAPLAN Reading including advanced text types, complex questions, platform navigation, time strategies, and comprehension techniques.",year 7 naplan reading,2000,High,Low,Section 1 of 4
43,2026-04-14,Year 7 NAPLAN,Section-Specific,"Year 7 NAPLAN Writing 2026: How to Achieve Band 9+","Deep dive into Year 7 NAPLAN writing including sophisticated text types, advanced planning, complex structure, vocabulary depth, and scoring rubric for high bands.",year 7 naplan writing,2300,High,Medium,Section 2 of 4
44,2026-04-16,Year 7 NAPLAN,Section-Specific,"Year 7 NAPLAN Language Conventions 2026: Complete Guide","Comprehensive guide to Year 7 Language Conventions including advanced grammar, complex punctuation, spelling rules, sentence complexity, and common errors.",year 7 naplan language conventions,1900,Medium,Low,Section 3 of 4
45,2026-04-18,Year 7 NAPLAN,Section-Specific,"Year 7 NAPLAN Numeracy 2026: Complete Strategy Guide","Deep dive into Year 7 NAPLAN Numeracy including advanced topics, problem-solving questions, calculator strategies, online tools, and time management.",year 7 naplan numeracy,2000,High,Low,Section 4 of 4 - completes Y7 NAPLAN
46,2026-04-21,NSW Selective,Section-Specific,"NSW Selective Reading 2026: Complete Strategy Guide","Deep dive into NSW Selective Reading section including passage types, question complexity, inference questions, time management (40 mins), and scoring strategies.",nsw selective reading,2200,High,Medium,Section 1 of 3
47,2026-04-23,NSW Selective,Section-Specific,"NSW Selective Mathematical Reasoning 2026: Complete Guide","Comprehensive guide to Mathematical Reasoning including problem types, multi-step questions, logical reasoning, calculator restrictions, and time management.",nsw selective mathematical reasoning,2200,High,Medium,Section 2 of 3
48,2026-04-25,NSW Selective,Section-Specific,"NSW Selective Thinking Skills 2026: Complete Strategy Guide","Deep dive into Thinking Skills section including verbal reasoning, numerical patterns, logical sequences, abstract reasoning, and effective practice methods.",nsw selective thinking skills,2100,High,Medium,Section 3 of 3 - completes NSW
49,2026-04-28,VIC Selective,Section-Specific,"VIC Selective Numerical Reasoning 2026: Complete Guide","Deep dive into VIC Numerical Reasoning including mathematics topics, problem-solving, data interpretation, time management, and scoring high.",vic selective numerical reasoning,2200,High,Medium,Section 1 of 4
50,2026-04-30,VIC Selective,Section-Specific,"VIC Selective Reading Comprehension 2026: Complete Strategy","Comprehensive guide to VIC Reading including passage types, question formats, comprehension strategies, time management, and how to maximize marks.",vic selective reading,2200,High,Medium,Section 2 of 4
51,2026-05-02,VIC Selective,Section-Specific,"VIC Selective Verbal Reasoning 2026: Complete Guide","Deep dive into VIC Verbal Reasoning including analogies, word relationships, vocabulary building, pattern recognition, and effective practice strategies.",vic selective verbal reasoning,2100,High,Medium,Section 3 of 4
52,2026-05-05,VIC Selective,Section-Specific,"VIC Selective Writing 2026: How to Score in Top Band","Comprehensive guide to VIC Selective writing including prompt analysis, planning strategies, structure, persuasive techniques, time management, and rubric breakdown.",vic selective writing,2400,High,High,Section 4 of 4 - completes VIC
